table,schema_file,needs_rls,rls_enabled,policy_present,audit_trigger,status
abac_access_log,abac.ts,true,true,true,false,AUDIT_MISSING
abac_policy,abac.ts,true,true,true,true,OK
academy_certificate,academy.ts,true,true,true,true,OK
academy_course,academy.ts,true,true,true,true,OK
academy_enrollment,academy.ts,true,true,true,true,OK
academy_lesson,academy.ts,true,true,true,true,OK
academy_quiz_attempt,academy.ts,true,true,true,true,OK
access_log,platform.ts,false,false,false,false,PLATFORM_EXEMPT
account,platform.ts,true,false,false,false,RLS_MISSING
acknowledgment,document.ts,true,true,true,false,AUDIT_MISSING
agent_execution_log,agents.ts,true,true,true,false,AUDIT_MISSING
agent_recommendation,agents.ts,true,true,true,true,OK
agent_registration,agents.ts,true,true,true,true,OK
ai_conformity_assessment,ai-act.ts,true,true,true,true,OK
ai_framework_mapping,ai-act.ts,true,true,true,true,OK
ai_fria,ai-act.ts,true,true,true,true,OK
ai_human_oversight_log,ai-act.ts,true,true,true,true,OK
ai_prompt_log,intelligence.ts,true,true,true,false,AUDIT_MISSING
ai_system,ai-act.ts,true,true,true,true,OK
ai_transparency_entry,ai-act.ts,true,true,true,true,OK
api_key,api-platform.ts,true,true,true,true,OK
api_key_scope,api-platform.ts,true,false,false,false,RLS_MISSING
api_playground_snippet,api-platform.ts,true,true,true,true,OK
api_scope,api-platform.ts,true,false,false,false,RLS_MISSING
api_usage_log,api-platform.ts,true,true,true,false,AUDIT_MISSING
application_assessment_history,eam-dashboards.ts,true,true,true,true,OK
application_interface,eam-advanced.ts,true,true,true,true,OK
application_portfolio,eam.ts,true,true,true,true,OK
architecture_change_request,eam-advanced.ts,true,true,true,true,OK
architecture_change_vote,eam-advanced.ts,true,false,false,true,RLS_MISSING
architecture_element,eam.ts,true,true,true,true,OK
architecture_health_snapshot,eam-advanced.ts,true,true,true,false,AUDIT_MISSING
architecture_relationship,eam.ts,true,true,true,true,OK
architecture_rule,eam.ts,true,true,true,true,OK
architecture_rule_violation,eam.ts,true,true,true,true,OK
assessment_control_eval,isms.ts,true,false,false,false,RLS_MISSING
assessment_risk_eval,isms.ts,true,false,false,false,RLS_MISSING
assessment_run,isms.ts,true,false,false,false,RLS_MISSING
asset,asset.ts,true,true,true,true,OK
asset_cia_profile,asset.ts,true,true,true,false,AUDIT_MISSING
asset_classification,isms.ts,true,false,false,false,RLS_MISSING
asset_cpe,isms-intelligence.ts,true,true,true,true,OK
asset_type_risk_recommendation,incident-timeline.ts,true,false,false,false,RLS_MISSING
assurance_score_snapshot,board-kpi.ts,true,true,true,true,OK
attack_path_result,regulatory-simulator.ts,true,true,true,true,OK
audit,audit-mgmt.ts,true,true,true,true,OK
audit_activity,audit-mgmt.ts,true,true,true,false,AUDIT_MISSING
audit_analytics_import,audit-analytics.ts,true,true,true,true,OK
audit_analytics_result,audit-analytics.ts,true,true,true,true,OK
audit_analytics_template,audit-analytics.ts,true,true,true,true,OK
audit_checklist,audit-mgmt.ts,true,true,true,true,OK
audit_checklist_item,audit-mgmt.ts,true,true,true,false,AUDIT_MISSING
audit_evidence,audit-mgmt.ts,true,true,true,false,AUDIT_MISSING
audit_log,platform.ts,false,true,true,false,PLATFORM_EXEMPT
audit_plan,audit-mgmt.ts,true,true,true,true,OK
audit_plan_item,audit-mgmt.ts,true,true,true,false,AUDIT_MISSING
audit_qa_checklist_item,audit-advanced.ts,true,true,true,true,OK
audit_qa_review,audit-advanced.ts,true,true,true,true,OK
audit_resource_allocation,audit-advanced.ts,true,true,true,true,OK
audit_risk_prediction,audit-analytics.ts,true,false,false,false,RLS_MISSING
audit_risk_prediction_model,audit-analytics.ts,true,false,false,false,RLS_MISSING
audit_time_entry,audit-advanced.ts,true,true,true,true,OK
audit_universe_entry,audit-mgmt.ts,true,true,true,false,AUDIT_MISSING
audit_working_paper,audit-advanced.ts,true,true,true,true,OK
audit_wp_folder,audit-advanced.ts,true,true,true,true,OK
audit_wp_review_note,audit-advanced.ts,true,true,true,true,OK
audit_wp_review_note_reply,audit-advanced.ts,true,true,true,false,AUDIT_MISSING
auditor_profile,audit-advanced.ts,true,true,true,true,OK
automation_rule,automation.ts,true,true,true,true,OK
automation_rule_execution,automation.ts,true,true,true,true,OK
automation_rule_template,automation.ts,true,true,true,true,OK
bc_exercise,bcms.ts,true,true,true,true,OK
bc_exercise_finding,bcms.ts,true,false,false,false,RLS_MISSING
bc_exercise_inject_log,bcms-advanced.ts,true,false,false,true,RLS_MISSING
bc_exercise_lesson,bcms-advanced.ts,true,true,true,true,OK
bc_exercise_scenario,bcms-advanced.ts,true,false,false,false,RLS_MISSING
bcp,bcms.ts,true,false,false,false,RLS_MISSING
bcp_procedure,bcms.ts,true,false,false,false,RLS_MISSING
bcp_resource,bcms.ts,true,false,false,false,RLS_MISSING
benchmark_pool,benchmarking.ts,true,false,false,false,RLS_MISSING
benchmark_submission,benchmarking.ts,true,true,true,true,OK
bi_brand_config,bi-reporting.ts,true,true,true,true,OK
bi_data_source,bi-reporting.ts,true,true,true,true,OK
bi_query,bi-reporting.ts,true,true,true,true,OK
bi_report,bi-reporting.ts,true,true,true,true,OK
bi_report_execution,bi-reporting.ts,true,true,true,true,OK
bi_report_widget,bi-reporting.ts,true,true,true,true,OK
bi_scheduled_report,bi-reporting.ts,true,true,true,true,OK
bi_shared_dashboard,bi-reporting.ts,true,true,true,true,OK
bia_assessment,bcms.ts,true,false,false,false,RLS_MISSING
bia_process_impact,bcms.ts,true,false,false,false,RLS_MISSING
bia_supplier_dependency,bcms.ts,true,false,false,false,RLS_MISSING
billing_invoice,saas-metering.ts,true,true,true,true,OK
bowtie_element,erm-advanced.ts,true,true,true,true,OK
bowtie_path,erm-advanced.ts,true,false,false,false,RLS_MISSING
bowtie_template,erm-advanced.ts,true,false,false,false,RLS_MISSING
business_capability,eam.ts,true,true,true,true,OK
catalog,catalog.ts,false,false,false,false,PLATFORM_EXEMPT
catalog_entry,catalog.ts,false,false,false,false,PLATFORM_EXEMPT
catalog_entry_reference,catalog.ts,false,false,false,false,PLATFORM_EXEMPT
catalog_lifecycle_phase,catalog.ts,true,false,false,false,RLS_MISSING
cci_configuration,compliance-culture.ts,true,true,true,true,OK
ccm_connector,ics-advanced.ts,true,true,true,true,OK
ccm_evidence,ics-advanced.ts,true,true,true,true,OK
cert_evidence_package,cert-wizard.ts,true,true,true,true,OK
cert_mock_audit,cert-wizard.ts,true,true,true,true,OK
cert_readiness_assessment,cert-wizard.ts,true,true,true,true,OK
certification_readiness_snapshot,nis2-certification.ts,true,true,true,true,OK
climate_risk_scenario,esg-advanced.ts,true,true,true,true,OK
cloud_compliance_snapshot,cloud-connector.ts,true,true,true,false,AUDIT_MISSING
cloud_service_catalog,eam-advanced.ts,true,false,false,false,RLS_MISSING
cloud_test_execution,cloud-connector.ts,true,true,true,true,OK
cloud_test_suite,cloud-connector.ts,true,true,true,true,OK
community_contribution,community.ts,true,true,true,true,OK
community_edition_config,community.ts,true,true,true,true,OK
compliance_calendar_event,calendar.ts,true,true,true,true,OK
compliance_culture_snapshot,compliance-culture.ts,true,true,true,true,OK
connector_credential,evidence-connector.ts,true,true,true,true,OK
connector_health_check,evidence-connector.ts,true,true,true,false,AUDIT_MISSING
connector_schedule,evidence-connector.ts,true,true,true,true,OK
connector_test_definition,evidence-connector.ts,true,false,false,true,RLS_MISSING
connector_test_result,evidence-connector.ts,true,true,true,true,OK
consent_record,dpms-advanced.ts,true,true,true,true,OK
consent_type,dpms-advanced.ts,true,true,true,true,OK
continuity_strategy,bcms.ts,true,false,false,false,RLS_MISSING
continuous_audit_exception,audit-advanced.ts,true,true,true,true,OK
continuous_audit_result,audit-advanced.ts,true,true,true,false,AUDIT_MISSING
continuous_audit_rule,audit-advanced.ts,true,true,true,true,OK
contract,tprm.ts,true,false,false,false,RLS_MISSING
contract_amendment,tprm.ts,true,false,false,false,RLS_MISSING
contract_obligation,tprm.ts,true,false,false,false,RLS_MISSING
contract_sla,tprm.ts,true,false,false,false,RLS_MISSING
contract_sla_measurement,tprm.ts,true,false,false,false,RLS_MISSING
control,control.ts,true,true,true,true,OK
control_catalog,catalog.ts,true,false,false,false,RLS_MISSING
control_catalog_entry,catalog.ts,true,false,false,false,RLS_MISSING
control_deficiency,ics-advanced.ts,true,true,true,true,OK
control_effectiveness_score,intelligence.ts,true,true,true,false,AUDIT_MISSING
control_framework_coverage,framework-mapping.ts,true,true,true,true,OK
control_library_entry,ics-advanced.ts,true,false,false,false,RLS_MISSING
control_maturity,isms.ts,true,false,false,false,RLS_MISSING
control_test,control.ts,true,true,true,true,OK
control_test_campaign,control.ts,true,true,true,true,OK
control_test_checklist,control-testing-agent.ts,true,true,true,true,OK
control_test_execution,control-testing-agent.ts,true,true,true,true,OK
control_test_learning,control-testing-agent.ts,true,true,true,true,OK
control_test_script,control-testing-agent.ts,true,true,true,true,OK
copilot_conversation,copilot-chat.ts,true,true,true,true,OK
copilot_feedback,copilot-chat.ts,true,true,true,true,OK
copilot_message,copilot-chat.ts,true,true,true,true,OK
copilot_prompt_template,copilot-chat.ts,true,true,true,true,OK
copilot_rag_source,copilot-chat.ts,true,true,true,true,OK
copilot_suggested_action,copilot-chat.ts,true,true,true,true,OK
country_risk_profile,dpms-advanced.ts,true,false,false,false,RLS_MISSING
crisis_communication_log,bcms-advanced.ts,true,true,true,true,OK
crisis_contact_node,bcms-advanced.ts,true,false,false,true,RLS_MISSING
crisis_contact_tree,bcms-advanced.ts,true,true,true,true,OK
crisis_log,bcms.ts,true,false,false,false,RLS_MISSING
crisis_scenario,bcms.ts,true,false,false,false,RLS_MISSING
crisis_team_member,bcms.ts,true,false,false,false,RLS_MISSING
cross_region_replication,data-sovereignty.ts,true,true,true,true,OK
custom_dashboard,dashboard.ts,true,true,true,true,OK
custom_dashboard_widget,dashboard.ts,true,false,false,true,RLS_MISSING
custom_field_definition,platform-advanced.ts,true,true,true,true,OK
custom_role,platform.ts,true,true,true,true,OK
cve_asset_match,isms-intelligence.ts,true,true,true,true,OK
cve_feed_item,isms-intelligence.ts,true,false,false,false,RLS_MISSING
data_breach,dpms.ts,true,false,false,false,RLS_MISSING
data_breach_notification,dpms.ts,true,false,false,false,RLS_MISSING
data_export_log,platform.ts,false,true,true,false,PLATFORM_EXEMPT
data_flow,eam-advanced.ts,true,true,true,true,OK
data_region,data-sovereignty.ts,true,false,false,false,RLS_MISSING
data_residency_rule,data-sovereignty.ts,true,true,true,true,OK
dd_evidence,supplier-portal.ts,true,false,false,false,RLS_MISSING
dd_response,supplier-portal.ts,true,false,false,false,RLS_MISSING
dd_session,supplier-portal.ts,true,false,false,false,RLS_MISSING
deletion_request,dpms-advanced.ts,true,true,true,true,OK
developer_app,api-platform.ts,true,true,true,true,OK
device_registration,mobile.ts,true,true,true,true,OK
devops_connector_config,devops-connector.ts,true,true,true,true,OK
devops_test_result,devops-connector.ts,true,true,true,true,OK
dmn_decision,abac.ts,true,true,true,true,OK
document,document.ts,true,true,true,true,OK
document_entity_link,document.ts,true,true,true,false,AUDIT_MISSING
document_version,document.ts,true,true,true,false,AUDIT_MISSING
dora_ict_incident,dora.ts,true,true,true,true,OK
dora_ict_provider,dora.ts,true,true,true,true,OK
dora_ict_risk,dora.ts,true,true,true,true,OK
dora_information_sharing,dora.ts,true,true,true,true,OK
dora_nis2_cross_ref,dora.ts,true,true,true,true,OK
dora_tlpt_plan,dora.ts,true,true,true,true,OK
dpia,dpms.ts,true,false,false,false,RLS_MISSING
dpia_measure,dpms.ts,true,false,false,false,RLS_MISSING
dpia_risk,dpms.ts,true,false,false,false,RLS_MISSING
dsr,dpms.ts,true,false,false,false,RLS_MISSING
dsr_activity,dpms.ts,true,false,false,false,RLS_MISSING
eam_ai_config,eam-ai.ts,true,true,true,true,OK
eam_ai_prompt_template,eam-ai.ts,true,true,true,true,OK
eam_ai_suggestion_log,eam-ai.ts,true,true,true,true,OK
eam_bpmn_element_placement,eam-governance.ts,true,true,true,true,OK
eam_business_context,eam-data-architecture.ts,true,true,true,true,OK
eam_chat_session,eam-ai.ts,true,true,true,true,OK
eam_context,eam-data-architecture.ts,true,true,true,true,OK
eam_context_attribute,eam-data-architecture.ts,true,true,true,true,OK
eam_data_object,eam-data-architecture.ts,true,true,true,true,OK
eam_data_object_crud,eam-data-architecture.ts,true,true,true,true,OK
eam_governance_log,eam-governance.ts,true,true,true,true,OK
eam_homepage_layout,eam-catalog.ts,true,true,true,true,OK
eam_keyword,eam-catalog.ts,true,true,true,true,OK
eam_object_suggestion,eam-ai.ts,true,true,true,true,OK
eam_org_unit,eam-data-architecture.ts,true,true,true,true,OK
eam_translation,eam-ai.ts,true,true,true,true,OK
emerging_risk,erm-advanced.ts,true,true,true,true,OK
emission_activity_data,esg-advanced.ts,true,true,true,true,OK
emission_factor,esg-advanced.ts,true,true,true,false,AUDIT_MISSING
emission_source,esg-advanced.ts,true,true,true,true,OK
entity_reference,event-bus.ts,true,true,true,true,OK
esg_annual_report,esg.ts,true,false,false,false,RLS_MISSING
esg_collection_assignment,esg-advanced.ts,true,true,true,true,OK
esg_collection_campaign,esg-advanced.ts,true,true,true,true,OK
esg_control_link,esg.ts,true,false,false,false,RLS_MISSING
esg_materiality_assessment,esg.ts,true,false,false,false,RLS_MISSING
esg_materiality_topic,esg.ts,true,false,false,false,RLS_MISSING
esg_materiality_vote,esg.ts,true,false,false,false,RLS_MISSING
esg_measurement,esg.ts,true,false,false,false,RLS_MISSING
esg_target,esg.ts,true,false,false,false,RLS_MISSING
esrs_datapoint_definition,esg.ts,true,false,false,false,RLS_MISSING
esrs_disclosure_template,esg-advanced.ts,true,true,true,true,OK
esrs_metric,esg.ts,true,false,false,false,RLS_MISSING
essential_process,bcms.ts,true,false,false,false,RLS_MISSING
event_log,event-bus.ts,true,true,true,false,AUDIT_MISSING
evidence,control.ts,true,true,true,false,AUDIT_MISSING
evidence_artifact,evidence-connector.ts,true,true,true,true,OK
evidence_connector,evidence-connector.ts,true,true,true,true,OK
evidence_freshness_config,evidence-connector.ts,true,true,true,true,OK
evidence_review_gap,evidence-review.ts,true,true,true,true,OK
evidence_review_job,evidence-review.ts,true,true,true,true,OK
evidence_review_result,evidence-review.ts,true,true,true,true,OK
executive_kpi_snapshot,intelligence.ts,true,true,true,false,AUDIT_MISSING
export_schedule,import-export.ts,true,true,true,true,OK
extension_marketplace,extension.ts,true,false,false,false,RLS_MISSING
external_auditor_activity,audit-advanced.ts,true,true,true,false,AUDIT_MISSING
external_auditor_share,audit-advanced.ts,true,true,true,true,OK
fair_parameters,fair.ts,true,true,true,true,OK
fair_simulation_result,fair.ts,true,true,true,true,OK
feature_gate,saas-metering.ts,true,false,false,true,RLS_MISSING
finding,control.ts,true,true,true,true,OK
finding_sla_config,intelligence.ts,true,true,true,false,AUDIT_MISSING
framework_coverage_snapshot,framework-mapping.ts,true,true,true,false,AUDIT_MISSING
framework_gap_analysis,framework-mapping.ts,true,true,true,true,OK
framework_mapping,framework-mapping.ts,true,false,false,true,RLS_MISSING
framework_mapping_rule,framework-mapping.ts,true,true,true,true,OK
general_catalog_entry,catalog.ts,true,false,false,false,RLS_MISSING
grc_budget,budget.ts,true,true,true,true,OK
grc_budget_line,budget.ts,true,true,true,true,OK
grc_cost_entry,budget.ts,true,true,true,true,OK
grc_roi_calculation,budget.ts,true,true,true,true,OK
grc_time_entry,budget.ts,true,true,true,true,OK
horizon_calendar_event,horizon-scanner.ts,true,true,true,true,OK
horizon_impact_assessment,horizon-scanner.ts,true,true,true,true,OK
horizon_scan_item,horizon-scanner.ts,true,true,true,true,OK
horizon_scan_source,horizon-scanner.ts,true,true,true,true,OK
identity_connector_config,identity-saas-connector.ts,true,true,true,true,OK
identity_test_result,identity-saas-connector.ts,true,true,true,true,OK
import_column_mapping,import-export.ts,true,true,true,true,OK
import_job,import-export.ts,true,true,true,true,OK
incident_correlation,risk-propagation.ts,true,true,true,true,OK
incident_timeline_entry,isms.ts,true,true,true,false,AUDIT_MISSING
invitation,platform.ts,true,false,false,false,RLS_MISSING
it_infrastructure_check,devops-connector.ts,true,true,true,true,OK
kri,risk.ts,true,true,true,true,OK
kri_measurement,risk.ts,true,true,true,false,AUDIT_MISSING
lksg_assessment,tprm.ts,true,false,false,false,RLS_MISSING
lksg_due_diligence,esg-advanced.ts,true,true,true,true,OK
management_review,isms.ts,true,false,false,false,RLS_MISSING
marketplace_category,marketplace.ts,true,false,false,true,RLS_MISSING
marketplace_installation,marketplace.ts,true,true,true,true,OK
marketplace_listing,marketplace.ts,true,true,true,true,OK
marketplace_publisher,marketplace.ts,true,true,true,true,OK
marketplace_review,marketplace.ts,true,true,true,true,OK
marketplace_security_scan,marketplace.ts,true,true,true,true,OK
marketplace_version,marketplace.ts,true,true,true,true,OK
materiality_assessment,esg-advanced.ts,true,true,true,true,OK
materiality_iro,esg-advanced.ts,true,true,true,true,OK
materiality_stakeholder_engagement,esg-advanced.ts,true,true,true,true,OK
maturity_assessment,benchmarking.ts,true,true,true,true,OK
maturity_model,benchmarking.ts,true,true,true,true,OK
maturity_roadmap_action,isms-intelligence.ts,true,true,true,true,OK
maturity_roadmap_item,benchmarking.ts,true,true,true,true,OK
mobile_session,mobile.ts,true,true,true,false,AUDIT_MISSING
module_config,module.ts,true,false,false,false,RLS_MISSING
module_definition,module.ts,false,false,false,false,PLATFORM_EXEMPT
nis2_incident_report,nis2-certification.ts,true,true,true,true,OK
notification,platform.ts,true,true,true,true,OK
notification_preference,platform-advanced.ts,true,true,true,true,OK
offline_sync_state,mobile.ts,true,true,true,false,AUDIT_MISSING
onboarding_session,onboarding.ts,true,true,true,true,OK
onboarding_step,onboarding.ts,true,false,false,false,RLS_MISSING
org_active_catalog,catalog.ts,true,false,false,true,RLS_MISSING
org_branding,branding.ts,true,false,false,false,RLS_MISSING
org_catalog_exclusion,catalog.ts,true,false,false,false,RLS_MISSING
org_entity_relationship,risk-propagation.ts,true,true,true,true,OK
org_risk_methodology,catalog.ts,true,false,false,false,RLS_MISSING
org_subscription,saas-metering.ts,true,true,true,true,OK
organization,platform.ts,true,true,true,true,OK
organization_contact,platform.ts,true,true,true,true,OK
pbd_assessment,dpms-advanced.ts,true,true,true,true,OK
playbook_activation,playbook.ts,true,true,true,true,OK
playbook_phase,playbook.ts,true,false,false,true,RLS_MISSING
playbook_task_template,playbook.ts,true,false,false,true,RLS_MISSING
playbook_template,playbook.ts,true,true,true,true,OK
plugin,extension.ts,true,false,false,true,RLS_MISSING
plugin_execution_log,extension.ts,true,true,true,false,AUDIT_MISSING
plugin_hook,extension.ts,true,false,false,false,RLS_MISSING
plugin_installation,extension.ts,true,true,true,true,OK
plugin_setting,extension.ts,true,true,true,false,AUDIT_MISSING
policy_acknowledgment,policy-acknowledgment.ts,true,true,true,true,OK
policy_distribution,policy-acknowledgment.ts,true,true,true,true,OK
policy_quiz_response,policy-acknowledgment.ts,true,true,true,true,OK
portal_audit_trail,stakeholder-portal.ts,true,true,true,false,AUDIT_MISSING
portal_branding,stakeholder-portal.ts,true,true,true,true,OK
portal_config,stakeholder-portal.ts,true,true,true,true,OK
portal_evidence_upload,stakeholder-portal.ts,true,true,true,true,OK
portal_questionnaire_response,stakeholder-portal.ts,true,true,true,true,OK
portal_session,stakeholder-portal.ts,true,true,true,true,OK
process,process.ts,true,false,false,false,RLS_MISSING
process_asset,process.ts,true,false,false,false,RLS_MISSING
process_comment,process.ts,true,true,true,true,OK
process_conformance_result,bpm-advanced.ts,true,true,true,true,OK
process_control,process.ts,true,false,false,false,RLS_MISSING
process_document,process.ts,true,false,false,false,RLS_MISSING
process_event,bpm-advanced.ts,true,true,true,false,AUDIT_MISSING
process_event_log,bpm-advanced.ts,true,true,true,true,OK
process_kpi_definition,bpm-advanced.ts,true,true,true,true,OK
process_kpi_measurement,bpm-advanced.ts,true,true,true,true,OK
process_maturity_assessment,bpm-advanced.ts,true,true,true,true,OK
process_maturity_questionnaire,bpm-advanced.ts,true,false,false,false,RLS_MISSING
process_mining_suggestion,bpm-advanced.ts,true,true,true,true,OK
process_raci_override,process-raci.ts,true,true,true,true,OK
process_review_schedule,process.ts,true,true,true,true,OK
process_risk,risk.ts,true,true,true,false,AUDIT_MISSING
process_simulation_result,abac.ts,true,false,false,false,RLS_MISSING
process_step,process.ts,true,false,false,false,RLS_MISSING
process_step_asset,process.ts,true,false,false,false,RLS_MISSING
process_step_control,process.ts,true,false,false,false,RLS_MISSING
process_step_risk,risk.ts,true,true,true,false,AUDIT_MISSING
process_template,bpm-advanced.ts,true,false,false,false,RLS_MISSING
process_version,process.ts,true,false,false,false,RLS_MISSING
processor_agreement,dpms-advanced.ts,true,true,true,true,OK
push_notification,mobile.ts,true,true,true,false,AUDIT_MISSING
questionnaire_question,supplier-portal.ts,true,false,false,false,RLS_MISSING
questionnaire_section,supplier-portal.ts,true,false,false,false,RLS_MISSING
questionnaire_template,supplier-portal.ts,true,false,false,false,RLS_MISSING
rcsa_assignment,rcsa.ts,true,true,true,true,OK
rcsa_campaign,rcsa.ts,true,true,true,true,OK
rcsa_response,rcsa.ts,true,true,true,true,OK
rcsa_result,rcsa.ts,true,true,true,true,OK
recovery_procedure,bcms-advanced.ts,true,true,true,true,OK
recovery_procedure_step,bcms-advanced.ts,true,false,false,true,RLS_MISSING
region_tenant_config,data-sovereignty.ts,true,true,true,true,OK
regulation_simulation,regulatory-simulator.ts,true,true,true,true,OK
regulatory_calendar_event,regulatory-change.ts,true,true,true,true,OK
regulatory_change,regulatory-change.ts,true,true,true,true,OK
regulatory_digest,regulatory-change.ts,true,true,true,true,OK
regulatory_feed_item,intelligence.ts,true,false,false,false,RLS_MISSING
regulatory_impact_assessment,regulatory-change.ts,true,true,true,true,OK
regulatory_relevance_score,intelligence.ts,true,true,true,false,AUDIT_MISSING
regulatory_source,regulatory-change.ts,true,true,true,true,OK
report_generation_log,reporting.ts,true,true,true,true,OK
report_schedule,reporting.ts,true,true,true,true,OK
report_template,reporting.ts,true,true,true,true,OK
resilience_score_snapshot,bcms-advanced.ts,true,true,true,false,AUDIT_MISSING
retention_exception,dpms-advanced.ts,true,true,true,true,OK
retention_schedule,dpms-advanced.ts,true,true,true,true,OK
risk,risk.ts,true,true,true,true,OK
risk_anomaly_detection,predictive-risk.ts,true,true,true,true,OK
risk_appetite,risk.ts,true,true,true,true,OK
risk_appetite_threshold,board-kpi.ts,true,true,true,true,OK
risk_asset,risk.ts,true,true,true,false,AUDIT_MISSING
risk_catalog,catalog.ts,true,false,false,false,RLS_MISSING
risk_catalog_entry,catalog.ts,true,false,false,false,RLS_MISSING
risk_control,risk.ts,true,true,true,false,AUDIT_MISSING
risk_evaluation_log,risk-evaluation.ts,true,true,true,true,OK
risk_event,erm-advanced.ts,true,true,true,true,OK
risk_event_lesson,erm-advanced.ts,true,true,true,true,OK
risk_executive_summary,risk-quantification.ts,true,true,true,true,OK
risk_framework_mapping,risk.ts,true,true,true,false,AUDIT_MISSING
risk_interconnection,erm-advanced.ts,true,true,true,true,OK
risk_prediction,predictive-risk.ts,true,true,true,true,OK
risk_prediction_alert,audit-analytics.ts,true,true,true,true,OK
risk_prediction_model,predictive-risk.ts,true,true,true,true,OK
risk_propagation_result,risk-propagation.ts,true,true,true,true,OK
risk_quantification_config,risk-quantification.ts,true,true,true,true,OK
risk_scenario,isms.ts,true,true,true,false,AUDIT_MISSING
risk_sensitivity_analysis,risk-quantification.ts,true,true,true,true,OK
risk_treatment,risk.ts,true,true,true,true,OK
risk_treatment_link,risk-evaluation.ts,true,true,true,true,OK
risk_var_calculation,risk-quantification.ts,true,true,true,true,OK
role_dashboard_config,role-dashboards.ts,true,true,true,true,OK
role_dashboard_widget_preference,role-dashboards.ts,true,true,true,true,OK
role_permission,platform.ts,true,false,false,false,RLS_MISSING
ropa_data_category,dpms.ts,true,false,false,false,RLS_MISSING
ropa_data_subject,dpms.ts,true,false,false,false,RLS_MISSING
ropa_entry,dpms.ts,true,false,false,false,RLS_MISSING
ropa_recipient,dpms.ts,true,false,false,false,RLS_MISSING
saas_compliance_check,identity-saas-connector.ts,true,true,true,true,OK
scenario_engine_scenario,simulation.ts,true,false,false,false,RLS_MISSING
scim_sync_log,identity.ts,true,true,true,false,AUDIT_MISSING
scim_token,identity.ts,true,true,true,true,OK
search_index,platform-advanced.ts,true,true,true,false,AUDIT_MISSING
security_incident,isms.ts,true,false,false,false,RLS_MISSING
security_posture_snapshot,board-kpi.ts,true,true,true,true,OK
session,platform.ts,true,false,false,false,RLS_MISSING
simulation_activity_param,abac.ts,true,true,true,false,AUDIT_MISSING
simulation_comparison,simulation.ts,true,true,true,true,OK
simulation_parameter,simulation.ts,true,true,true,true,OK
simulation_result,risk.ts,true,true,true,true,OK
simulation_run,simulation.ts,true,true,true,true,OK
simulation_run_result,simulation.ts,true,false,false,false,RLS_MISSING
simulation_scenario,abac.ts,true,true,true,true,OK
soa_ai_suggestion,isms-intelligence.ts,true,true,true,true,OK
soa_entry,isms.ts,true,false,false,false,RLS_MISSING
sovereignty_audit_log,data-sovereignty.ts,true,true,true,true,OK
sox_scope,ics-advanced.ts,true,true,true,true,OK
sox_walkthrough,ics-advanced.ts,true,true,true,true,OK
sso_config,identity.ts,true,true,true,true,OK
sub_processor_notification,dpms-advanced.ts,true,true,true,true,OK
subscription_plan,saas-metering.ts,true,false,false,true,RLS_MISSING
supplier_esg_assessment,esg-advanced.ts,true,true,true,true,OK
supplier_esg_corrective_action,esg-advanced.ts,true,true,true,true,OK
task,task.ts,true,false,false,false,RLS_MISSING
task_comment,task.ts,true,false,false,false,RLS_MISSING
tax_audit_prep,tax-cms.ts,true,true,true,true,OK
tax_cms_element,tax-cms.ts,true,true,true,true,OK
tax_gobd_archive,tax-cms.ts,true,true,true,true,OK
tax_icfr_control,tax-cms.ts,true,true,true,true,OK
tax_risk,tax-cms.ts,true,true,true,true,OK
technology_application_link,eam-advanced.ts,true,true,true,false,AUDIT_MISSING
technology_entry,eam-advanced.ts,true,true,true,true,OK
template_pack,onboarding.ts,true,false,false,false,RLS_MISSING
template_pack_item,onboarding.ts,true,false,false,false,RLS_MISSING
threat,isms.ts,true,false,false,false,RLS_MISSING
threat_feed_item,reporting.ts,true,true,true,true,OK
threat_feed_source,reporting.ts,true,true,true,true,OK
tia,dpms.ts,true,false,false,false,RLS_MISSING
transfer_impact_assessment,dpms-advanced.ts,true,true,true,true,OK
translation_status,translation.ts,true,true,true,true,OK
treatment_milestone,erm-advanced.ts,true,true,true,true,OK
usage_meter,saas-metering.ts,true,false,false,false,RLS_MISSING
usage_record,saas-metering.ts,true,true,true,false,AUDIT_MISSING
user,platform.ts,false,false,false,true,PLATFORM_EXEMPT
user_custom_role,platform.ts,true,true,true,true,OK
user_dashboard_layout,branding.ts,true,false,false,false,RLS_MISSING
user_nav_preference,nav-preference.ts,true,true,true,true,OK
user_organization_role,platform.ts,true,true,true,true,OK
value_stream_map,bpm-advanced.ts,true,true,true,true,OK
vendor,tprm.ts,true,false,false,false,RLS_MISSING
vendor_concentration_analysis,tprm-advanced.ts,true,true,true,true,OK
vendor_contact,tprm.ts,true,false,false,false,RLS_MISSING
vendor_due_diligence,tprm.ts,true,false,false,false,RLS_MISSING
vendor_due_diligence_question,tprm.ts,true,false,false,false,RLS_MISSING
vendor_exit_plan,tprm-advanced.ts,true,true,true,true,OK
vendor_risk_assessment,tprm.ts,true,false,false,false,RLS_MISSING
vendor_scorecard,tprm-advanced.ts,true,true,true,true,OK
vendor_scorecard_history,tprm-advanced.ts,true,true,true,false,AUDIT_MISSING
vendor_sla_definition,tprm-advanced.ts,true,true,true,true,OK
vendor_sla_measurement,tprm-advanced.ts,true,true,true,true,OK
vendor_sub_processor,tprm-advanced.ts,true,true,true,true,OK
vendor_sub_processor_notification,tprm-advanced.ts,true,true,true,true,OK
verification_token,platform.ts,true,false,false,false,RLS_MISSING
vulnerability,isms.ts,true,false,false,false,RLS_MISSING
wb_anonymous_mailbox,whistleblowing.ts,true,false,false,false,RLS_MISSING
wb_case,whistleblowing.ts,true,false,false,false,RLS_MISSING
wb_case_evidence,whistleblowing.ts,true,false,false,false,RLS_MISSING
wb_case_message,whistleblowing.ts,true,false,false,false,RLS_MISSING
wb_evidence,whistleblowing-advanced.ts,true,true,true,true,OK
wb_interview,whistleblowing-advanced.ts,true,true,true,true,OK
wb_investigation,whistleblowing-advanced.ts,true,true,true,true,OK
wb_investigation_log,whistleblowing-advanced.ts,true,true,true,false,AUDIT_MISSING
wb_ombudsperson_activity,whistleblowing-advanced.ts,true,true,true,false,AUDIT_MISSING
wb_ombudsperson_assignment,whistleblowing-advanced.ts,true,true,true,true,OK
wb_protection_case,whistleblowing-advanced.ts,true,true,true,true,OK
wb_protection_event,whistleblowing-advanced.ts,true,true,true,true,OK
wb_report,whistleblowing.ts,true,false,false,false,RLS_MISSING
webhook_delivery_log,event-bus.ts,true,true,true,false,AUDIT_MISSING
webhook_registration,event-bus.ts,true,true,true,true,OK
widget_definition,dashboard.ts,true,false,false,false,RLS_MISSING
work_item,work-item.ts,true,true,true,true,OK
work_item_link,work-item.ts,true,true,true,true,OK
work_item_type,work-item.ts,false,false,false,false,PLATFORM_EXEMPT